index,ParticipantNum,TrialNumber,StartTime,EndTime,Causal_Response,Bonus_Response,Is_Human,TakesAction,ST_Outcome,End_Outcome,Is_Pivotal,MotivatedByEndOutcome,Dummy,ResponseStart,ResponseEnd,Context,DummyText,Action_time,Agent_time,Dummy_time,End_Outcome,Incentive_time,N/A,Pivotality_time,ST_Outcome,Time_Action_md,Time_Agent_md,Time_Incentive_md,Time_Pivotal_md,Time_ST_Outcome_md,Time_Dummy_md,Time_EndOutcome_md,Time_Action_md_Z,Time_Agent_md_Z,Time_Incentive_md_Z,Time_Pivotal_md_Z,Time_ST_Outcome_md_Z,Time_Dummy_md_Z,Time_EndOutcome_md_Z,Is_SouthAfrican,CorrectNumeracy,PostGraduateDegree,InfoOrderGroup,InfoOrderB,InfoOrderC,ContextIsFootball
32,58,1,09-Jul-2021 20:46:50,09-Jul-2021 20:47:16,2,3,0,0,1,0,1,1,B,09-Jul-2021 20:47:17,09-Jul-2021 20:47:45,Football,1,4.014899999999983,6.284659999999974,1.3654700000000162,1.982670000000013,3.125239999999991,6.195070000000015,1.6411200000000008,1.6396500000000174,2.2992870212765792,4.162730270270236,-0.7445557446808526,-0.42824787234044415,-1.9333014893616833,-0.6912312765957038,0.5497867391304427,1.6279584032815635,2.399406237549385,-0.19964798821159216,-0.4175584481638789,-0.6542989181099934,-0.5658468838604928,0.4067543186231456,0.0,1.0,1.0,A,0.0,0.0,1.0
33,58,2,09-Jul-2021 20:47:46,09-Jul-2021 20:48:16,3,3,1,0,0,0,0,0,B,09-Jul-2021 20:48:16,09-Jul-2021 20:48:28,Football,1,4.602040000000017,8.900850000000077,1.326909999999998,1.6391500000000008,1.679680000000019,7.7961699999999325,2.488289999999978,1.8508399999999767,2.8864270212766128,6.778920270270339,-2.1901157446808246,0.41892212765953296,-1.722111489361724,-0.729791276595722,0.20626673913043048,2.043669659883231,3.9073835017613807,-0.5872659038625564,0.4084654818505796,-0.5828246088643898,-0.5974123765985083,0.15260442087474613,0.0,1.0,1.0,A,0.0,0.0,1.0
34,58,3,09-Jul-2021 20:48:30,09-Jul-2021 20:48:47,1,3,0,0,0,1,1,0,B,09-Jul-2021 20:48:48,09-Jul-2021 20:49:01,Football,1,1.2370599999999854,4.05541999999997,1.0234399999999937,0.6413499999999885,2.998289999999997,4.784670000000062,1.4023500000000126,1.0393000000000256,-0.4785529787234184,1.933490270270232,-0.8715057446808467,-0.6670178723404323,-2.533651489361675,-1.0332612765957263,-0.7915332608695818,-0.33882866119762245,1.1144677443696758,-0.2336888404708471,-0.6503685497604271,-0.8574790002900481,-0.845835096546672,-0.5856081081580526,0.0,1.0,1.0,A,0.0,0.0,1.0
35,58,4,09-Jul-2021 20:49:02,09-Jul-2021 20:49:37,6,5,1,0,1,1,1,0,A,09-Jul-2021 20:49:37,09-Jul-2021 20:49:54,Business,0,4.732429999999965,5.89331999999996,0.5090299999999957,1.7116699999999696,6.609359999999981,10.56176000000005,2.641590000000008,1.86525000000006,1.9520948936170024,3.330625428571358,2.314809565217363,0.9810683333333376,-0.819283617021219,-1.8362881250000034,-0.3225406382978875,1.382136834879545,1.9197793057429868,0.6207017756429939,0.9565800492377685,-0.27727511057740667,-1.5031986378258408,-0.23862852306447574,0.0,1.0,1.0,A,0.0,0.0,0.0
36,58,5,09-Jul-2021 20:49:56,09-Jul-2021 20:50:33,6,2,1,1,0,1,1,0,A,09-Jul-2021 20:50:33,09-Jul-2021 20:50:43,Business,0,4.643059999999991,5.388439999999946,3.562749999999994,1.9191900000000717,8.345719999999972,9.067119999999989,2.130370000000028,2.0173300000000154,1.8627248936170284,2.8257454285713437,4.051169565217354,0.46984833333335785,-0.6672036170212636,1.217431874999995,-0.11502063829778542,1.3188604186883846,1.6287654416293926,1.0862959011166633,0.4581205269435581,-0.2258057562042342,0.9965984701587872,-0.08509688944555423,0.0,1.0,1.0,A,0.0,0.0,0.0
37,58,6,09-Jul-2021 20:50:44,09-Jul-2021 20:51:02,2,3,0,1,1,0,0,0,A,09-Jul-2021 20:51:03,09-Jul-2021 20:51:41,Business,0,2.423339999999996,4.513170000000002,2.045899999999904,1.6733500000000276,2.6054599999999937,2.9414200000000505,0.847660000000019,0.2626900000000205,-0.35699510638296683,1.9504754285714,-1.6890904347826243,-0.8128616666666513,-2.4218436170212585,-0.2994181250000949,-0.36086063829782944,-0.2527623467573334,1.1242580243368043,-0.4529190858051097,-0.7925719613042342,-0.8196391856977217,-0.2451058259936791,-0.2669791986632868,0.0,1.0,1.0,A,0.0,0.0,0.0
38,58,7,09-Jul-2021 20:51:43,09-Jul-2021 20:52:12,3,3,1,1,0,0,1,0,B,09-Jul-2021 20:52:12,09-Jul-2021 20:53:03,Football,1,3.927740000000029,6.411619999999971,1.4799800000000118,1.128910000000019,3.1464900000000284,4.72705000000002,4.61522999999994,3.49852999999996,2.212127021276625,4.289690270270233,-0.7233057446808151,2.545862127659495,-0.07442148936174053,-0.5767212765957082,-0.30397326086955134,1.5662467278287238,2.4725862410905433,-0.19394993298898106,2.4823152849656194,-0.025186914840477602,-0.4721081760433684,-0.22489163125361347,0.0,1.0,1.0,A,0.0,0.0,1.0
39,58,8,09-Jul-2021 20:53:05,09-Jul-2021 20:53:30,1,3,0,1,1,0,1,1,A,09-Jul-2021 20:53:31,09-Jul-2021 20:53:59,Football,0,1.6660200000001169,2.852049999999963,3.609859999999912,2.1655300000001034,5.027339999999981,5.940919999999892,1.9301799999999505,2.139160000000061,-0.04959297872328694,0.7301202702702252,1.1575442553191375,-0.13918787234049446,-1.43379148936164,1.553158723404192,0.7326467391305331,-0.035113191919604,0.42084281635040804,0.3103882865606134,-0.13571362692381575,-0.48524672713844447,1.2714268777120683,0.5420414934668043,0.0,1.0,1.0,A,0.0,0.0,1.0
40,58,9,09-Jul-2021 20:54:00,09-Jul-2021 20:54:32,5,1,1,0,0,0,0,0,B,09-Jul-2021 20:54:33,09-Jul-2021 20:54:41,Business,1,3.375970000000052,2.866710000000012,1.9760800000000245,1.1445400000000063,6.802230000000122,8.099109999999769,4.026379999999904,3.564450000000079,0.5956348936170892,0.3040154285714096,2.5076795652175043,2.3658583333332333,0.8799163829787999,-0.36923812499997455,-0.8896706382978508,0.42172587475107554,0.1752351145197152,0.6724186655622347,2.3068045355211195,0.297795424344485,-0.30226097907882965,-0.6582140828864229,0.0,1.0,1.0,A,0.0,0.0,0.0
41,58,10,09-Jul-2021 20:54:42,09-Jul-2021 20:55:07,5,4,1,1,0,1,0,1,A,09-Jul-2021 20:55:07,09-Jul-2021 20:55:25,Business,0,2.274889999999914,5.374520000000075,3.9091799999998784,0.4926700000000892,3.629400000000032,3.740229999999883,4.3359400000000505,1.4106500000000324,-0.505445106383049,2.8118254285714728,-0.6651504347825861,2.67541833333338,-1.2738836170212466,1.5638618749998794,-1.5415406382977679,-0.3578690266676583,1.6207419251731585,-0.17835594864603585,2.6086376596584286,-0.4311281385761737,1.2801885544228409,-1.1404936993431711,0.0,1.0,1.0,A,0.0,0.0,0.0
42,58,11,09-Jul-2021 20:55:27,09-Jul-2021 20:55:46,5,5,1,0,1,1,0,0,B,09-Jul-2021 20:55:47,09-Jul-2021 20:55:59,Business,1,3.456059999999866,3.543450000000007,1.3686600000000908,1.899899999999889,1.7475499999999329,3.751489999999876,1.7983300000001918,1.3989200000000892,0.6757248936169029,0.9807554285714049,-2.547000434782685,0.1378083333335216,-1.2856136170211898,-0.9766581249999082,-0.1343106382979682,0.47843179589619966,0.5653094339624082,-0.6829623119708508,0.13436852236139285,-0.43509799343410743,-0.7994993504199669,-0.09936840646818144,0.0,1.0,1.0,A,0.0,0.0,0.0
43,58,12,09-Jul-2021 20:56:00,09-Jul-2021 20:56:25,1,3,0,0,1,0,0,1,A,09-Jul-2021 20:56:25,09-Jul-2021 20:56:33,Business,0,2.178710000000024,7.078129999999874,2.306160000000091,0.7749000000000024,5.525880000000029,3.767560000000003,1.1396499999999603,1.8125,-0.6016251063829388,4.515435428571271,1.2313295652174112,-0.5208716666667099,-0.872033617021279,-0.03915812499990823,-1.2593106382978547,-0.42596711002069215,2.602706211820456,0.3301733581096531,-0.5078702753086491,-0.2951276121764909,-0.032055122155558315,-0.9316886060691081,0.0,1.0,1.0,A,0.0,0.0,0.0
44,58,13,09-Jul-2021 20:56:34,09-Jul-2021 20:56:56,1,3,0,0,0,0,0,0,A,09-Jul-2021 20:56:57,09-Jul-2021 20:57:04,Football,0,1.571770000000015,5.412090000000035,2.107430000000022,1.0732400000000553,1.8530300000001036,5.366719999999873,2.738279999999918,1.2465799999999945,-0.1438429787233888,3.290160270270297,-2.0167657446807397,0.6689121276594729,-2.3263714893617062,0.05072872340430212,-0.35964326086951504,-0.10184478222983201,1.896455105776342,-0.5407831804348682,0.6522155228863463,-0.7873279759970924,0.0415268970494434,-0.2660785339307317,0.0,1.0,1.0,A,0.0,0.0,1.0
45,58,14,09-Jul-2021 20:57:06,09-Jul-2021 20:57:33,2,2,0,0,0,1,1,1,A,09-Jul-2021 20:57:33,09-Jul-2021 20:57:41,Business,0,4.075189999999907,6.452620000000024,3.058600000000069,2.2314400000000205,4.7807600000001,3.972659999999792,1.1533300000000963,1.2041100000000142,1.294854893616944,3.8899254285714213,0.48620956521748226,-0.5071916666665739,-1.4804236170212648,0.71328187500007,0.19722936170216343,0.9167928516917387,2.2421609691060573,0.13037406834663776,-0.4945317395216047,-0.5010287201926854,0.5838976619673802,0.14591820595477734,0.0,1.0,1.0,A,0.0,0.0,0.0
46,58,15,09-Jul-2021 20:57:42,09-Jul-2021 20:58:07,5,2,1,1,1,0,0,0,B,09-Jul-2021 20:58:08,09-Jul-2021 20:58:12,Business,1,2.344249999999988,5.063959999999952,1.351069999999936,1.730470000000082,7.379890000000046,2.256339999999909,3.164059999999949,1.953610000000026,-0.4360851063829747,2.5012654285713496,3.085339565217428,1.5035383333332788,-0.730923617021253,-0.994248125000063,-0.303740638297775,-0.3087602404191982,1.4417345063030287,0.8273145987334006,1.466008762146178,-0.2473709012638013,-0.813898650660276,-0.22471952772883783,0.0,1.0,1.0,A,0.0,0.0,0.0
47,58,16,09-Jul-2021 20:58:14,09-Jul-2021 20:58:29,3,2,1,1,0,0,0,0,A,09-Jul-2021 20:58:30,09-Jul-2021 20:58:38,Football,0,2.4375,2.1230500000000347,0.8403299999998808,0.5766599999999471,2.6445400000000063,1.658689999999979,2.937490000000139,1.324220000000082,0.7218870212765962,0.0011202702702970413,-1.2252557446808372,0.868122127659694,-2.2487314893616186,-1.2163712765958392,-0.8562232608696232,0.5111158509713378,0.0006457260739398173,-0.3285447009412029,0.8464530750876369,-0.7610518011316347,-0.9957302566934267,-0.633468369235585,0.0,1.0,1.0,A,0.0,0.0,1.0
48,58,17,09-Jul-2021 20:58:40,09-Jul-2021 20:58:55,6,5,0,0,1,1,0,1,A,09-Jul-2021 20:58:56,09-Jul-2021 20:59:07,Football,0,0.8916000000000395,3.680660000000103,1.2729499999999234,0.2646499999999605,3.497079999999982,1.3788999999999303,3.264160000000061,1.1831000000000813,-0.8240129787233643,1.5587302702703654,-0.3727157446808613,1.1947921276596158,-2.3898514893616194,-0.7837512765957966,-1.1682332608696098,-0.5834238356118702,0.8984553142572359,-0.09994140684820775,1.1649691193500233,-0.8088118964048086,-0.6415844198595266,-0.8643059029933629,0.0,1.0,1.0,A,0.0,0.0,1.0
49,58,18,09-Jul-2021 20:59:08,09-Jul-2021 20:59:24,2,4,0,0,1,1,1,0,B,09-Jul-2021 20:59:24,09-Jul-2021 20:59:34,Football,1,0.7914999999999281,2.3857399999999416,1.2373000000000047,0.511229999999955,2.5708100000000518,2.4609400000000505,4.416030000000092,1.1391499999999724,-0.9241129787234756,0.2638102702702039,-1.2989857446807918,2.3466621276596467,-2.4338014893617284,-0.8194012765957153,-0.9216532608696153,-0.6542973866999766,0.15206077908449833,-0.34831494148530245,2.2880874831563496,-0.8236861607703214,-0.6707677657129281,-0.6818761120443739,0.0,1.0,1.0,A,0.0,0.0,1.0
50,58,19,09-Jul-2021 20:59:36,09-Jul-2021 20:59:47,1,3,0,1,0,0,1,1,B,09-Jul-2021 20:59:48,09-Jul-2021 20:59:52,Business,1,1.9594699999998968,2.916020000000003,0.6596700000000055,0.4677699999999731,2.820309999999949,1.609380000000101,0.3813500000001113,0.0,-0.8208651063830661,0.3533254285714009,-1.474240434782669,-1.279171666666559,0.0,-1.6856481249999935,-1.566440638297884,-0.5811950554807142,0.2036574993229128,-0.3953083957074355,-1.247242474666341,-9.393487356605788e-18,-1.3798836527103655,-1.1589157197610929,0.0,1.0,1.0,A,0.0,0.0,0.0
51,58,20,09-Jul-2021 20:59:54,09-Jul-2021 21:00:08,2,2,0,0,0,0,1,0,B,09-Jul-2021 21:00:09,09-Jul-2021 21:00:21,Business,1,1.4321200000000545,1.5498100000000932,2.056640000000016,1.149409999999989,2.720209999999952,3.0297899999999345,1.205569999999966,0.9565500000001066,-1.3482151063829084,-1.012884571428509,-1.5743404347826662,-0.45495166666670417,-1.7279836170211724,-0.28867812499998324,-0.8848006382978681,-0.9545733488499469,-0.583828737586048,-0.42214958760307536,-0.44359569350504496,-0.5848119485502705,-0.23631398491459063,-0.6546110612223852,0.0,1.0,1.0,A,0.0,0.0,0.0
52,58,21,09-Jul-2021 21:00:23,09-Jul-2021 21:00:34,2,3,0,1,0,0,0,1,B,09-Jul-2021 21:00:35,09-Jul-2021 21:00:38,Football,1,1.5795899999999392,1.6977600000000166,0.6918899999999439,1.0244100000001026,0.3681700000000774,2.805650000000014,1.035160000000019,2.010259999999903,-0.13602297872346458,-0.4241697297297211,-3.501625744680766,-1.034207872340426,-1.5626914893617978,-1.364811276595776,-0.40847326086946767,-0.09630800730972205,-0.2444922993358056,-0.9389391464504692,-1.0083931810174498,-0.5288711338895755,-1.1172443060198485,-0.30220492979426766,0.0,1.0,1.0,A,0.0,0.0,1.0
53,58,22,09-Jul-2021 21:00:40,09-Jul-2021 21:01:04,3,2,1,0,1,0,0,0,A,09-Jul-2021 21:01:04,09-Jul-2021 21:01:12,Football,0,2.1626000000003387,4.424799999999891,0.9501899999999068,1.1689400000000203,6.417479999999955,2.6674899999999298,3.1611299999999574,2.9550799999999526,0.4469870212769349,2.3028702702701533,2.5476842553191115,1.0917621276595124,-0.6178714893617481,-1.1065112765958132,-0.26394326086955,0.3164790957857755,1.3273791314839476,0.6831456741910347,1.0645108341068286,-0.20910998581699766,-0.9057980722484689,-0.19527582895136497,0.0,1.0,1.0,A,0.0,0.0,1.0
54,58,23,09-Jul-2021 21:01:14,09-Jul-2021 21:01:29,2,3,0,0,0,0,0,1,B,09-Jul-2021 21:01:29,09-Jul-2021 21:01:33,Football,1,0.9057600000001004,3.91112999999973,0.3959899999999834,1.204590000000053,2.5873999999998887,2.0913200000002234,2.4726499999999305,1.3852600000000166,-0.8098529787233034,1.7892002702699923,-1.2823957446809549,0.40328212765948557,-2.187691489361684,-1.6607112765957366,-0.2282932608695174,-0.5733981664469272,1.031298693401091,-0.34386643625508967,0.3932158692988301,-0.7403936646841335,-1.3594701696394837,-0.1689005266262066,0.0,1.0,1.0,A,0.0,0.0,1.0
55,58,24,09-Jul-2021 21:01:35,09-Jul-2021 21:01:53,2,4,0,0,1,1,0,1,B,09-Jul-2021 21:01:53,09-Jul-2021 21:01:58,Business,1,1.615729999999985,4.662590000000137,1.6391700000003766,1.7328999999995176,1.8198300000001384,4.310060000000021,1.1284100000000308,1.373529999999846,-1.1646051063829779,2.0998954285715343,-2.47472043478248,-0.5321116666666394,-1.311003617021433,-0.7061481249996224,-0.3013106382983395,-0.8245724226234951,1.2103840177924594,-0.6635808799006968,-0.51882971553116,-0.4436908847251894,-0.5780579230194074,-0.22292171609811728,0.0,1.0,1.0,A,0.0,0.0,0.0
56,58,25,09-Jul-2021 21:01:59,09-Jul-2021 21:02:18,2,4,0,1,1,1,0,1,A,09-Jul-2021 21:02:19,09-Jul-2021 21:02:23,Business,0,1.0722599999999147,2.065430000000106,1.9511700000002747,1.7143599999999424,4.997549999999819,4.163080000000036,0.667969999999741,2.051280000000133,-1.7080751063830482,-0.49726457142849645,0.7029995652172012,-0.9925516666669292,-0.633253617021146,-0.3941481249997243,-0.3198506382979147,-1.2093641190252469,-0.2866243155169407,0.18850495736810016,-0.9677767489909224,-0.2143158523314319,-0.32265248385309564,-0.23663835298722768,0.0,1.0,1.0,A,0.0,0.0,0.0
57,58,26,09-Jul-2021 21:02:25,09-Jul-2021 21:02:35,6,1,1,0,0,0,1,1,B,09-Jul-2021 21:02:35,09-Jul-2021 21:02:41,Business,1,1.4165000000002692,2.261710000000221,0.3447200000000521,0.7773499999998421,2.226560000000063,1.7441399999997884,0.9741199999998572,0.4628999999999905,-1.3638351063826937,-0.3009845714283812,-2.067990434782555,-0.686401666666813,-2.2216336170212885,-2.000598124999947,-1.256860638298015,-0.9656327381404541,-0.17348812226656793,-0.5545187622212573,-0.6692685084087142,-0.7518809042731139,-1.6377039830483278,-0.92987599763454,0.0,1.0,1.0,A,0.0,0.0,0.0
58,58,27,09-Jul-2021 21:02:42,09-Jul-2021 21:02:54,2,4,0,1,1,1,0,1,A,09-Jul-2021 21:02:54,09-Jul-2021 21:02:58,Football,0,1.1860400000000482,3.1196299999999155,0.4125899999999092,0.8584000000000742,2.8847599999999147,2.42383000000018,0.59375,0.7084999999999582,-0.5295729787233556,0.9977002702701778,-0.9850357446809288,-1.475617872340445,-2.8644514893617425,-1.6441112765958108,-0.5744832608694961,-0.37495222340048684,0.575076475357498,-0.2641312032671936,-1.4387852191534882,-0.969433645389035,-1.3458812905044095,-0.42502579764830095,0.0,1.0,1.0,A,0.0,0.0,1.0
59,58,28,09-Jul-2021 21:03:00,09-Jul-2021 21:03:25,7,5,1,1,1,1,1,1,A,09-Jul-2021 21:03:26,09-Jul-2021 21:03:46,Business,0,2.422370000000001,3.940440000000081,3.289069999999583,2.204090000000406,3.841799999999921,2.7094700000000103,3.289539999999988,3.212890000000016,-0.3579651063829621,1.3777454285714787,-0.45275043478269694,1.629018333333318,0.5283563829787368,0.9437518749995841,0.1698793617025487,-0.25344913341622505,0.7941352815192018,-0.12140221079757338,1.588356676659498,0.1788148468626263,0.7725620580076207,0.12568357710254002,0.0,1.0,1.0,A,0.0,0.0,0.0
60,58,29,09-Jul-2021 21:03:47,09-Jul-2021 21:04:05,6,5,1,0,1,1,1,1,B,09-Jul-2021 21:04:06,09-Jul-2021 21:04:10,Business,1,3.13379000000009,2.547360000000026,2.407710000000179,0.8896499999998468,1.4233500000000276,3.793449999999893,1.582519999999931,2.308589999999868,0.3534548936171271,-0.015334571428576194,-2.8712004347825903,-0.07800166666673913,-0.3759436170214112,0.062391875000180175,-1.1445606382980102,0.2502557788220461,-0.008838878319513011,-0.7698945238845786,-0.0760546799907212,-0.12723287249350948,0.051074436650114796,-0.8467919457099201,0.0,1.0,1.0,A,0.0,0.0,0.0
61,58,30,09-Jul-2021 21:04:12,09-Jul-2021 21:04:23,4,3,1,0,0,0,1,0,B,09-Jul-2021 21:04:23,09-Jul-2021 21:04:33,Football,1,1.1347699999998897,2.377440000000206,0.9384899999997742,0.21875,1.255369999999857,1.8090799999999945,1.34862000000021,1.895020000000159,-0.5808429787235141,0.25551027027046835,-2.6144257446809864,-0.720747872340235,-1.6779314893615418,-1.1182112765959458,-1.2141332608695703,-0.41125279247435703,0.14727664211716787,-0.7010419891097454,-0.7027574041338293,-0.5678725042075197,-0.9153757762173172,-0.8982645671370549,0.0,1.0,1.0,A,0.0,0.0,1.0
62,58,31,09-Jul-2021 21:04:35,09-Jul-2021 21:04:45,2,3,0,0,1,0,0,1,B,09-Jul-2021 21:04:45,09-Jul-2021 21:04:56,Football,1,1.3833000000001905,2.1342799999999897,0.7231500000000324,0.6044899999999416,1.7314500000002226,1.9975499999998192,0.6674799999998413,0.6923799999999574,-0.3323129787232133,0.01235027027025204,-2.138345744680621,-1.4018878723406036,-2.8805714893617433,-1.3335512765956876,-0.8283932608696287,-0.23528672202551762,0.0071187210311226615,-0.5733841006213697,-1.3668955814658499,-0.9748892345032895,-1.0916546456725276,-0.6128786170979036,0.0,1.0,1.0,A,0.0,0.0,1.0
63,58,32,09-Jul-2021 21:04:57,09-Jul-2021 21:05:14,3,2,1,0,0,0,0,1,A,09-Jul-2021 21:05:15,09-Jul-2021 21:05:23,Football,0,0.7260900000001129,2.2065299999999297,1.4863199999997505,1.91016999999988,2.804679999999962,3.5117300000001705,2.867670000000089,1.453610000000026,-0.9895229787232909,0.08460027027019201,-1.0651157446808814,0.7983021276596443,-2.1193414893616747,-0.5703812765959695,0.4772867391303097,-0.7006094643888356,0.04876376872996024,-0.2856041567836934,0.7783758405377211,-0.7172615607164332,-0.4669182065425729,0.35311590575987095,0.0,1.0,1.0,A,0.0,0.0,1.0
64,59,1,09-Jul-2021 21:21:03,09-Jul-2021 21:21:30,6,5,1,0,1,1,0,1,B,09-Jul-2021 21:21:30,09-Jul-2021 21:22:00,Business,1,5.135749999999987,4.035639999999972,1.2734399999999937,1.2534100000000024,7.419929999999965,4.040520000000058,1.9731400000000008,1.8457100000000253,2.3554148936170245,1.4729454285713701,3.1253795652173473,0.31261833333333056,-0.8388236170212537,-1.0718781250000053,-0.7808006382978547,1.6676984794831904,0.8490087561341236,0.8380510754916353,0.3048151189189593,-0.28388815098018066,-0.8774471257964059,-0.5776676827703707,0.0,1.0,1.0,A,0.0,0.0,0.0
65,59,2,09-Jul-2021 21:22:01,09-Jul-2021 21:22:59,5,3,0,1,1,0,1,0,A,09-Jul-2021 21:22:59,09-Jul-2021 21:23:06,Football,0,2.767579999999981,0.6840899999999976,5.876950000000022,3.3476599999999905,20.96973,9.10400000000007,2.3266500000000008,12.982419999999962,1.0519670212765773,-1.43783972972974,17.099934255319155,0.2572821276595558,9.409468510638261,3.820248723404302,1.9147767391304202,0.7448215626909663,-0.828773759556104,4.585240926572029,0.25086015110524895,3.1845033484836276,3.127283022198514,1.4166287624039144,0.0,1.0,1.0,A,0.0,0.0,1.0
66,59,3,09-Jul-2021 21:23:07,09-Jul-2021 21:23:24,4,4,1,0,1,0,1,1,A,09-Jul-2021 21:23:25,09-Jul-2021 21:23:32,Football,0,1.958490000000012,0.0,2.812010000000015,1.1699199999999903,1.2080100000000016,3.0097699999999747,2.704589999999996,3.788580000000025,0.24287702127660826,0.0,-2.661785744680842,0.6352221276595511,0.21562851063832422,0.755308723404295,-0.26296326086958,0.17196360614940714,4.266232139967777e-17,-0.7137412783022894,0.619366453393655,0.07297646125070063,0.6183011416900104,-0.1945507855775125,0.0,1.0,1.0,A,0.0,0.0,1.0
67,59,4,09-Jul-2021 21:23:34,09-Jul-2021 21:23:47,5,4,1,1,1,0,1,1,A,09-Jul-2021 21:23:48,09-Jul-2021 21:23:55,Football,0,1.563960000000009,0.0,2.2587800000000016,1.2197300000000268,4.580080000000066,0.330569999999966,1.6699299999999653,1.5805599999999913,-0.1516529787233949,0.0,0.7102842553192228,-0.39943787234047967,-1.9923914893617094,0.20207872340428157,-0.21315326086954345,-0.10737447687516595,4.266232139967777e-17,0.19045830167308153,-0.38946756979981045,-0.6742971042614465,0.1654230932604327,-0.15769934634003982,0.0,1.0,1.0,A,0.0,0.0,1.0
68,59,5,09-Jul-2021 21:23:56,09-Jul-2021 21:24:28,5,2,0,0,0,0,1,1,A,09-Jul-2021 21:24:28,09-Jul-2021 21:24:36,Football,0,0.8427800000000047,0.0,4.800289999999961,2.116700000000037,6.972170000000062,4.576169999999991,0.5693400000000111,12.5717699999999,-0.872832978723399,0.0,3.102374255319219,-1.5000278723404339,8.998818510638198,2.7435887234042413,0.6838167391304668,-0.6179897373513304,4.266232139967777e-17,0.8318823448463372,-1.4625859251884568,3.0455245848503245,2.245921419208429,0.5059150976031843,0.0,1.0,1.0,A,0.0,0.0,1.0
69,59,6,09-Jul-2021 21:24:38,09-Jul-2021 21:24:40,3,3,0,1,1,1,1,1,B,09-Jul-2021 21:24:41,09-Jul-2021 21:24:48,Football,1,0.0,0.3291100000000142,0.0,0.0,1.039070000000038,0.0,0.0,0.2280199999999581,0.0,-1.7928197297297235,-2.8307257446808056,0.0,-3.3449314893617426,0.0,0.0,-1.5721368282692427e-16,-1.0333849572328508,-0.7590414876813959,1.2178247981427754e-16,-1.1320453983429353,-1.0603092917944562e-16,-8.213875995179094e-17,0.0,1.0,1.0,A,0.0,0.0,1.0
70,59,7,09-Jul-2021 21:24:49,09-Jul-2021 21:25:06,6,5,1,0,0,1,0,1,A,09-Jul-2021 21:25:07,09-Jul-2021 21:25:12,Football,0,0.964839999999981,0.8584000000000174,2.0620099999999297,0.7241300000000592,3.5146500000000174,4.001960000000054,1.2607400000000553,3.562979999999925,-0.7507729787234227,-1.2635297297297203,-0.35514574468082616,-0.8086278723403897,-0.00997148936177572,0.005308723404209736,-0.7087532608695111,-0.5315679027279241,-0.728301119218509,-0.09523012071826419,-0.7884438460165687,-0.0033747114649507227,0.004345759078413703,-0.5243641382709144,0.0,1.0,1.0,A,0.0,0.0,1.0
71,59,8,09-Jul-2021 21:25:13,09-Jul-2021 21:25:34,5,5,1,0,1,1,0,1,B,09-Jul-2021 21:25:35,09-Jul-2021 21:25:42,Football,1,0.7509699999999953,0.3447300000000268,1.9111300000000144,1.284179999999992,9.15134999999998,4.059079999999938,0.3627999999999929,3.100110000000029,-0.9646429787234085,-1.7771997297297109,5.281554255319136,-1.706567872340452,-0.4728414893616719,-0.14557127659570557,-0.1487032608695782,-0.6829937406020046,-1.0243815573012671,1.416215896845737,-1.6639705144742032,-0.16002660559114737,-0.11916569175941988,-0.1100166469051454,0.0,1.0,1.0,A,0.0,0.0,1.0
72,59,9,09-Jul-2021 21:25:44,09-Jul-2021 21:26:20,5,4,0,1,1,0,0,1,A,09-Jul-2021 21:26:20,09-Jul-2021 21:26:29,Business,0,5.840810000000033,0.4165100000000166,3.148930000000007,3.674320000000023,7.615250000000003,5.131329999999878,2.352540000000033,7.867189999999994,3.0604748936170703,-2.1461845714285857,3.320699565217385,0.6920183333333629,5.182656382978715,0.8036118750000081,1.6401093617021658,2.1669003369270268,-1.2370651743630035,0.8904249176600424,0.6747449783893381,1.7539977509862834,0.6578424482490619,1.2134188011550515,0.0,1.0,1.0,A,0.0,0.0,0.0
73,59,10,09-Jul-2021 21:26:30,09-Jul-2021 21:26:45,6,5,1,0,1,1,0,0,B,09-Jul-2021 21:26:46,09-Jul-2021 21:26:54,Football,1,0.5463799999999992,0.5947300000000268,1.2719700000000105,0.0,3.464349999999968,3.08253000000002,1.069340000000011,4.4965799999999945,-1.1692329787234046,-1.5271997297297109,-0.40544574468087546,-1.0000278723404339,0.9236285106382938,-0.7847312765957095,0.0,-0.8278490834301694,-0.8802810462325054,-0.10871775260989304,-0.9750663423334921,0.3125891841348092,-0.6423866548927345,-8.213875995179094e-17,0.0,1.0,1.0,A,0.0,0.0,1.0
74,59,11,09-Jul-2021 21:26:56,09-Jul-2021 21:27:14,7,1,1,0,1,0,1,1,A,09-Jul-2021 21:27:14,09-Jul-2021 21:27:25,Business,0,3.8813499999999976,0.2563499999999976,2.0766499999999155,2.636720000000082,3.1992099999999937,2.290550000000053,0.7636699999999905,2.825679999999977,1.1010148936170348,-2.3063445714286046,-1.0953404347826243,-0.8968516666666797,0.14114638297869808,-0.2686681250000835,0.602509361702225,0.7795488043101519,-1.329381725774106,-0.29370871929125736,-0.8744655008322388,0.0477690242242521,-0.21993365530659717,0.4457606330608652,0.0,1.0,1.0,A,0.0,0.0,0.0
75,59,12,09-Jul-2021 21:27:26,09-Jul-2021 21:27:51,5,3,0,1,1,1,1,1,B,09-Jul-2021 21:27:52,09-Jul-2021 21:28:07,Business,1,7.41552999999999,0.7416999999999803,4.136719999999855,5.102540000000147,3.580089999999984,0.901360000000011,2.111320000000092,1.1865199999999732,4.635194893617027,-1.820994571428622,-0.7144604347826342,0.4507983333334218,-1.4980136170213059,1.7914018749998557,3.0683293617022898,3.28184537558173,-1.0496249935852218,-0.191578118200235,0.4395460308368463,-0.5069818102993824,1.4664544314353907,2.2700733393543926,0.0,1.0,1.0,A,0.0,0.0,0.0
76,59,13,09-Jul-2021 21:28:08,09-Jul-2021 21:28:59,6,5,1,0,1,0,1,0,B,09-Jul-2021 21:28:59,09-Jul-2021 21:29:05,Business,1,5.313480000000027,0.4457999999999629,3.2944400000000087,4.221679999999992,9.85692000000006,11.96634999999992,2.738759999999843,13.45896000000016,2.533144893617064,-2.1168945714286393,5.562369565217441,1.0782383333331726,10.77442638297888,0.9491218750000097,2.187469361702135,1.7935362041073457,-1.2201823584862184,1.4915147741705541,1.0513246049696416,3.64645429822042,0.7769579785474676,1.618377720669348,0.0,1.0,1.0,A,0.0,0.0,0.0
77,59,14,09-Jul-2021 21:29:06,09-Jul-2021 21:29:28,5,1,1,1,1,1,1,0,B,09-Jul-2021 21:29:29,09-Jul-2021 21:29:36,Football,1,1.1640599999999497,0.90625,2.746100000000069,3.4833999999999605,3.7583000000000766,3.6787199999999984,2.5698200000000497,4.21580999999992,-0.5515529787234541,-1.2156797297297377,-0.11149574468076695,0.5004521276596048,0.6428585106382196,0.689398723404349,2.0505167391303902,-0.39051466748561997,-0.700720281399958,-0.029896889895342827,0.4879604250309802,0.21756649458086597,0.5643467426661537,1.5170546680873067,0.0,1.0,1.0,A,0.0,0.0,1.0
78,59,15,09-Jul-2021 21:29:37,09-Jul-2021 21:29:55,4,2,0,0,1,0,1,1,A,09-Jul-2021 21:29:55,09-Jul-2021 21:30:00,Business,0,1.2040999999999258,0.0,2.4526499999999487,1.9492099999999937,5.061059999999998,3.650850000000105,1.0395500000000766,2.5488299999999526,-1.576235106383037,0.0,0.7665095652173797,-0.6209716666665936,-0.13570361702132638,0.10733187499994967,-0.08500063829786342,-1.1160177756141945,4.266232139967777e-17,0.20553476852990762,-0.6054716957960997,-0.04592699601653062,0.08786264317600881,-0.06288688731936985,0.0,1.0,1.0,A,0.0,0.0,0.0
79,59,16,09-Jul-2021 21:30:02,09-Jul-2021 21:31:03,4,3,1,1,0,0,0,1,A,09-Jul-2021 21:31:04,09-Jul-2021 21:31:34,Business,0,5.553710000000024,3.187000000000012,4.330569999999852,9.160150000000044,16.90425999999991,8.691450000000145,2.772950000000037,10.254890000000046,2.773374893617061,0.6243054285714096,12.60970956521729,1.1124283333333669,7.570356382978767,1.9852518749998533,7.125939361702187,1.9636256464437758,0.35985092528057017,3.3812151267561683,1.0846611940454534,2.5620815058315136,1.625141432661048,5.272056241668145,0.0,1.0,1.0,A,0.0,0.0,0.0
80,59,17,09-Jul-2021 21:31:36,09-Jul-2021 21:31:57,7,5,1,1,1,1,0,1,A,09-Jul-2021 21:31:58,09-Jul-2021 21:32:12,Football,0,1.5175799999999526,0.0,1.8925799999999529,1.5190400000000182,6.926270000000045,1.4868300000000545,2.849600000000009,4.893059999999991,-0.19803297872345116,0.0,3.0564742553192015,0.7802321276595641,1.3201085106382906,-0.16412127659576714,0.08615673913044786,-0.14021279155515304,4.266232139967777e-17,0.8195745455655142,0.7607568828132645,0.4467723089499147,-0.13435085488939538,0.06374221716446798,0.0,1.0,1.0,A,0.0,0.0,1.0
81,59,18,09-Jul-2021 21:32:14,09-Jul-2021 21:32:32,6,1,0,1,1,0,0,1,B,09-Jul-2021 21:32:32,09-Jul-2021 21:32:40,Football,1,1.1372100000000955,0.0,1.3193300000000363,1.038090000000011,4.312990000000013,5.002929999999992,2.110839999999939,3.3149399999999787,-0.5784029787233083,0.0,0.4431942553191699,0.04147212765949426,-0.258011489361722,-0.7373712765956837,-0.39479326086955924,-0.4095252054147229,4.266232139967777e-17,0.11883978075991397,0.04043694875332909,-0.08732038912619927,-0.6036174189987374,-0.29208391616718715,0.0,1.0,1.0,A,0.0,0.0,1.0
82,59,19,09-Jul-2021 21:32:42,09-Jul-2021 21:32:54,5,1,1,1,1,0,1,0,A,09-Jul-2021 21:32:55,09-Jul-2021 21:33:06,Business,0,2.177729999999997,0.0,1.5004900000000134,1.170409999999947,1.837890000000016,2.917500000000132,0.9897399999999834,1.065909999999917,-0.602605106382966,0.0,-2.456660434782602,-0.6707816666666868,-1.618623617021362,-0.8448281249999856,-0.86380063829791,-0.42666097695444044,4.266232139967777e-17,-0.6587382033209567,-0.6540383966402021,-0.5478005822020194,-0.6915823663004601,-0.6390744174965306,0.0,1.0,1.0,A,0.0,0.0,0.0
83,59,20,09-Jul-2021 21:33:08,09-Jul-2021 21:33:33,4,1,1,0,0,1,1,1,B,09-Jul-2021 21:33:34,09-Jul-2021 21:33:59,Football,1,0.9892599999999449,0.6088900000000876,0.5229500000000371,0.5278399999999692,5.7944199999999455,5.951180000000022,2.042970000000082,8.585929999999962,-0.7263529787234589,-1.51303972972965,1.924624255319102,-0.026397872340362838,5.012978510638261,-1.5337512765956829,-0.9050432608696011,-0.5142778715833979,-0.8721191932855357,0.516076013626618,-0.025738959423264478,1.6965726422226108,-1.2555398024709605,-0.6695873666973654,0.0,1.0,1.0,A,0.0,0.0,1.0
84,59,21,09-Jul-2021 21:34:00,09-Jul-2021 21:34:50,6,1,1,0,1,0,0,1,B,09-Jul-2021 21:34:50,09-Jul-2021 21:35:03,Football,1,1.6181699999999637,2.235339999999951,4.941890000000058,1.95557000000008,12.343759999999747,10.748520000000212,3.3510800000000245,12.68017999999995,-0.0974429787234401,0.11341027027021333,8.473964255318904,1.2817121276595795,9.10722851063825,2.8851887234043376,0.5226867391305097,-0.06899230700025312,0.06536991162553665,2.2722407661719695,1.249719523633495,3.0822144369518494,2.361836195445564,0.38670464981502856,0.0,1.0,1.0,A,0.0,0.0,1.0
85,59,22,09-Jul-2021 21:35:05,09-Jul-2021 21:35:18,5,1,1,1,1,0,1,1,B,09-Jul-2021 21:35:19,09-Jul-2021 21:35:29,Business,1,0.953610000000026,0.0,2.028329999999982,1.1679699999999684,3.584960000000024,2.575190000000134,0.8432599999999866,2.1738299999999526,-1.8267251063829368,0.0,-0.7095904347825939,-0.8172616666666837,-0.5107036170213264,-0.31698812500001683,-0.8662406382978887,-1.2933715799302077,4.266232139967777e-17,-0.1902722580150916,-0.7968621336333894,-0.1728405144932885,-0.25948875409026123,-0.6408796275294273,0.0,1.0,1.0,A,0.0,0.0,0.0
86,59,23,09-Jul-2021 21:35:31,09-Jul-2021 21:35:47,3,3,1,1,0,0,1,1,A,09-Jul-2021 21:35:48,09-Jul-2021 21:35:53,Business,0,1.58299999999997,0.2827200000000403,1.625970000000052,3.359379999999988,1.7827199999999266,1.3481400000000576,0.7578200000000379,5.335449999999923,-1.197335106382993,-2.279974571428562,-2.5118304347826914,-0.9027016666666323,2.6509163829786444,-0.7193481249999469,1.3251693617021307,-0.8477461621550856,-1.3141820038665484,-0.6735316953977288,-0.8801694799515958,0.8971656676040008,-0.588863537753636,0.9804135356773879,0.0,1.0,1.0,A,0.0,0.0,0.0
87,59,24,09-Jul-2021 21:35:55,09-Jul-2021 21:36:02,4,3,0,0,1,0,1,0,A,09-Jul-2021 21:36:02,09-Jul-2021 21:36:07,Business,0,1.3178699999999708,0.0,0.8632900000000063,1.1499000000000024,1.2866299999999455,0.8090799999999945,0.986319999999978,0.6435500000000047,-1.462465106382992,0.0,-3.0079204347826725,-0.6742016666666922,-2.0409836170212743,-1.4820281249999927,-0.8843106382978547,-1.0354654888280996,4.266232139967777e-17,-0.8065551408273777,-0.6573730305869353,-0.690742431972239,-1.2131988593672194,-0.6542485395354379,0.0,1.0,1.0,A,0.0,0.0,0.0
88,59,25,09-Jul-2021 21:36:08,09-Jul-2021 21:36:29,6,4,1,0,1,0,0,0,A,09-Jul-2021 21:36:30,09-Jul-2021 21:36:44,Business,0,2.306640000000243,0.4931599999999889,2.287599999999657,2.018070000000307,3.642579999999725,3.145030000000361,1.9819199999999453,5.196289999999863,-0.4736951063827197,-2.0695345714286133,-0.6519704347828932,0.32139833333327505,2.5117563829785836,-0.05771812500034201,-0.01614063829754997,-0.33538915406957426,-1.192883957669337,-0.17482181368922967,0.3133759627938384,0.8500689069873787,-0.04724847135760667,-0.011941492701781867,0.0,1.0,1.0,A,0.0,0.0,0.0
89,59,26,09-Jul-2021 21:36:45,09-Jul-2021 21:37:24,3,1,1,1,0,1,0,0,B,09-Jul-2021 21:37:25,09-Jul-2021 21:37:35,Business,1,0.0,0.0,0.8251900000000205,4.875009999999747,15.040999999999713,7.77686000000017,2.588870000000042,7.8735400000002755,0.0,0.0,10.746449565217095,0.928348333333372,5.189006382978997,-1.5201281249999785,2.8407993617018903,-1.5721368282692427e-16,4.266232139967777e-17,2.8815935562119463,0.9051759844215744,1.7561468198992518,-1.2443877928038733,2.101737503785014,0.0,1.0,1.0,A,0.0,0.0,0.0
90,59,27,09-Jul-2021 21:37:36,09-Jul-2021 21:38:06,3,2,1,0,0,1,1,0,A,09-Jul-2021 21:38:06,09-Jul-2021 21:38:13,Football,0,0.2319300000001476,0.0,3.876939999999877,4.638670000000047,3.650380000000041,6.827169999999796,1.6098700000000008,9.12110000000007,-1.4836829787232562,0.0,-0.2194157446808025,-0.45949787234044415,5.548148510638368,1.8202387234041568,3.205786739130477,-1.050488325584213,4.266232139967777e-17,-0.05883496611291017,-0.44802842209231414,1.8776934627111979,1.4900604824958883,2.3717698298589793,0.0,1.0,1.0,A,0.0,0.0,1.0
91,59,28,09-Jul-2021 21:38:14,09-Jul-2021 21:38:29,5,4,1,0,1,1,1,1,B,09-Jul-2021 21:38:30,09-Jul-2021 21:38:36,Football,1,1.2856500000000324,0.3139700000001539,1.808100000000195,0.8813399999999092,1.6836000000000697,2.332499999999982,3.197269999999889,3.493669999999838,-0.4299629787233714,-1.8079597297295837,-2.1861957446807736,1.127902127659444,-0.07928148936186252,-0.248601276595525,-0.5515432608696611,-0.30442560577933486,-1.0421116841830944,-0.5862147802638322,1.0997487495555187,-0.026831714039977667,-0.20350678918655957,-0.40805386397833665,0.0,1.0,1.0,A,0.0,0.0,1.0
92,59,29,09-Jul-2021 21:38:38,09-Jul-2021 21:39:12,7,5,1,1,1,1,1,0,B,09-Jul-2021 21:39:12,09-Jul-2021 21:39:17,Business,1,3.6054599999999937,0.0,3.1157200000000103,5.987800000000107,8.75344000000041,6.188449999999648,2.1601599999999053,4.149419999999964,0.8251248936170308,0.0,4.458889565217792,0.49963833333323504,1.4648863829786847,0.7704018750000112,3.9535893617022495,0.5842111019157841,4.266232139967777e-17,1.19562348113367,0.4871669436899372,0.49577036008671016,0.6306565039070261,2.9250242548199545,0.0,1.0,1.0,A,0.0,0.0,0.0
93,59,30,09-Jul-2021 21:39:19,09-Jul-2021 21:39:57,2,1,0,1,0,1,0,1,B,09-Jul-2021 21:39:57,09-Jul-2021 21:40:06,Football,1,0.8735399999998208,0.0,1.7309700000000705,2.158199999999852,12.766110000000026,6.830559999999878,2.6879800000001524,10.8281300000001,-0.842072978723583,0.0,8.896314255319183,0.6186121276597074,7.255178510638398,-0.3257312765956495,0.7253167391302817,-0.5962108119621726,4.266232139967777e-17,2.385491289619835,0.6031710528513655,2.455413951898888,-0.26664596073443086,0.5366184649661069,0.0,1.0,1.0,A,0.0,0.0,1.0
94,59,31,09-Jul-2021 21:40:07,09-Jul-2021 21:40:46,5,3,0,0,0,1,0,0,A,09-Jul-2021 21:40:47,09-Jul-2021 21:40:58,Business,0,2.8090799999999945,0.0,2.845220000000154,5.410159999999905,13.416500000000042,7.325690000000122,0.8574200000000474,6.824209999999766,0.028744893617031586,0.0,9.121949565217424,-0.8031016666666229,4.139676382978488,0.4999018750001549,3.375949361702048,0.02035217468817774,4.266232139967777e-17,2.4459939934301347,-0.7830555790468776,1.4010157203171694,0.4092232625785863,2.4976629747331143,0.0,1.0,1.0,A,0.0,0.0,0.0
95,59,32,09-Jul-2021 21:41:00,09-Jul-2021 21:41:23,6,3,1,0,0,0,1,0,A,09-Jul-2021 21:41:24,09-Jul-2021 21:41:33,Business,0,2.3935499999997774,0.0,3.712410000000091,3.810049999999592,4.269520000000284,4.172380000000203,2.155770000000075,2.1440399999999045,-0.38678510638318553,0.0,-0.0250304347823338,0.4952483333334048,-0.5404936170213746,1.3670918750000918,1.7758393617017347,-0.27385448548788127,4.266232139967777e-17,-0.0067117552769624155,0.4828865217526361,-0.18292252440109844,1.1191112202410545,1.3138373084363728,0.0,1.0,1.0,A,0.0,0.0,0.0
96,60,1,09-Jul-2021 22:14:51,09-Jul-2021 22:15:13,2,4,0,0,1,1,0,0,A,09-Jul-2021 22:15:13,09-Jul-2021 22:15:51,Football,0,3.5771500000000174,0.7382800000000032,1.9775399999999763,1.163090000000011,4.622080000000011,6.360350000000011,1.995110000000011,1.6318299999999797,1.8615370212766136,-1.3836497297297345,0.7522842553191675,-0.0742578723404339,-1.941121489361721,-0.07916127659574368,-0.26979326086955924,1.3180193724246037,-0.797538532776836,0.20172034023067817,-0.07240433389421098,-0.656945488015308,-0.0648019891471424,-0.19960389398929707,0.0,0.0,1.0,A,0.0,0.0,1.0
97,60,2,09-Jul-2021 22:15:53,09-Jul-2021 22:16:22,6,4,0,0,0,1,1,0,B,09-Jul-2021 22:16:23,09-Jul-2021 22:16:55,Business,1,8.536139999999989,2.2265600000000063,3.425789999999978,1.7578000000000031,6.130859999999984,2.7529300000000205,0.9238300000000096,2.971679999999992,5.755804893617026,-0.33613457142859593,1.8363095652173662,-0.7366916666666606,0.2871463829787131,1.0804718749999789,-0.27641063829785395,4.075268053751106,-0.19374865412295963,0.4923949792187786,-0.718303228052118,0.09718068741787492,0.884482031222141,-0.20449969567992238,0.0,0.0,1.0,A,0.0,0.0,0.0
98,60,3,09-Jul-2021 22:16:57,09-Jul-2021 22:17:23,3,4,1,1,0,1,0,0,A,09-Jul-2021 22:17:23,09-Jul-2021 22:17:49,Football,0,3.2949299999999653,0.0,4.378910000000019,2.3867199999999684,1.7177699999999732,3.163090000000068,3.3837899999999763,7.783190000000047,1.5793170212765615,0.0,-2.1520257446808704,1.3144221276595314,4.210238510638346,2.322208723404299,0.9538367391303981,1.1181998560602995,4.266232139967777e-17,-0.5770523074659157,1.2816130547438198,1.4248964880305528,1.9009767270420157,0.7056867423109245,0.0,0.0,1.0,A,0.0,0.0,1.0
99,60,4,09-Jul-2021 22:17:51,09-Jul-2021 22:18:12,6,2,1,1,0,0,0,0,B,09-Jul-2021 22:18:13,09-Jul-2021 22:18:32,Business,1,2.8388499999999794,1.02049999999997,1.2851499999999874,1.6093800000000442,5.570320000000038,3.578139999999962,0.7753999999999905,4.443360000000041,0.05851489361701656,-1.5421945714286323,1.27576956521742,-0.8851216666666797,1.758826382978762,-1.0601681250000117,-0.42483063829781287,0.0414301528688922,-0.8889241036413443,0.3420896674787091,-0.8630282914184614,0.5952502524095582,-0.8678612357559031,-0.31430677481303154,0.0,0.0,1.0,A,0.0,0.0,0.0
100,60,5,09-Jul-2021 22:18:34,09-Jul-2021 22:18:49,4,1,1,1,0,0,1,0,A,09-Jul-2021 22:18:50,09-Jul-2021 22:19:18,Business,0,1.3212899999999763,0.0,4.090820000000008,1.3359399999999937,2.1816400000000726,3.2607399999999984,2.29200000000003,1.1015599999999497,-1.4590451063829866,0.0,-2.1129104347825454,0.6314783333333598,-1.5829736170213293,1.7455018750000089,-0.6982706382978634,-1.0330440348348784,4.266232139967777e-17,-0.5665637806023953,0.6157161072972559,-0.5357353370454846,1.4288803620196906,-0.516608672927647,0.0,0.0,1.0,A,0.0,0.0,0.0
101,60,6,09-Jul-2021 22:19:19,09-Jul-2021 22:19:30,6,5,1,1,1,1,0,0,A,09-Jul-2021 22:19:31,09-Jul-2021 22:19:45,Business,0,0.5947199999999953,0.2695299999999747,2.551770000000033,1.0097599999999716,0.9394600000000536,3.863279999999918,0.9228500000000396,1.0380799999999797,-2.1856151063829676,-2.2931645714286275,-3.3550904347825643,-0.7376716666666306,-1.6464536170212993,0.20645187500003415,-1.0244506382978855,-1.5474755634465356,-1.3217847468305741,-0.8996466152570146,-0.7192587664344845,-0.55721925745322,0.16900298654201734,-0.7579297419995368,0.0,0.0,1.0,A,0.0,0.0,0.0
102,60,7,09-Jul-2021 22:19:47,09-Jul-2021 22:20:10,2,3,1,1,1,0,0,1,A,09-Jul-2021 22:20:11,09-Jul-2021 22:20:25,Football,0,2.340819999999951,0.5605499999999779,1.994139999999959,0.6425700000000347,6.386709999999937,3.700200000000052,2.757810000000063,5.195330000000013,0.6252070212765473,-1.5613797297297598,2.5169142553190933,0.6884421276596182,1.622378510638312,-0.06256127659576105,-0.7903132608695356,0.44266375387649287,-0.8999824681058547,0.6748948902287034,0.6712580377928029,0.5490713735631741,-0.05121311001202149,-0.5847055031415623,0.0,0.0,1.0,A,0.0,0.0,1.0
103,60,8,09-Jul-2021 22:20:26,09-Jul-2021 22:20:39,5,5,1,1,0,1,1,0,A,09-Jul-2021 22:20:40,09-Jul-2021 22:21:00,Football,0,0.8222700000000032,0.0,0.308589999999981,1.0712900000000332,6.02147999999994,1.4355500000000347,1.934570000000008,1.1679700000000253,-0.8933429787234006,0.0,2.1516842553190965,-0.13479787234043705,-2.4049814893616754,-1.748111276595739,-0.36159326086953714,-0.6325113810358015,4.266232139967777e-17,0.5769607392192655,-0.13143320498629318,-0.8139324338303031,-1.431016436893149,-0.2675212222767232,0.0,0.0,1.0,A,0.0,0.0,1.0
104,60,9,09-Jul-2021 22:21:01,09-Jul-2021 22:21:23,1,3,0,0,0,1,1,1,B,09-Jul-2021 22:21:24,09-Jul-2021 22:21:33,Football,1,2.587889999999902,0.4101500000000442,3.95799999999997,1.513680000000022,5.7421900000000505,3.0663999999999305,1.1836000000000697,3.3213000000000648,0.8722770212764983,-1.7117797297296935,1.872394255319207,-0.8857678723403752,-0.25165148936163595,1.90129872340425,0.0807967391304516,0.6175961041993252,-0.9866733355647836,0.5020708642489308,-0.8636583672594186,-0.08516793585280433,1.5564167802486184,0.059776673813482825,0.0,0.0,1.0,A,0.0,0.0,1.0
105,60,10,09-Jul-2021 22:21:35,09-Jul-2021 22:21:50,5,2,0,1,0,0,1,0,B,09-Jul-2021 22:21:50,09-Jul-2021 22:22:00,Business,1,2.825210000000084,0.527339999999981,2.045899999999733,1.136720000000082,1.846679999999992,4.3515599999999495,2.1591700000000174,0.6777300000001105,0.04487489361712127,-2.035354571428621,-2.447870434782626,0.4986483333333471,-2.0068036170211685,-0.2994181250002659,-0.897490638297775,0.031772657995432906,-1.1731825357960204,-0.6563812195371201,0.4862016549159936,-0.6791746878081083,-0.24510582599381905,-0.6639996330738157,0.0,0.0,1.0,A,0.0,0.0,0.0
106,60,11,09-Jul-2021 22:22:02,09-Jul-2021 22:22:15,5,4,1,1,1,1,0,0,B,09-Jul-2021 22:22:16,09-Jul-2021 22:22:27,Football,1,2.0302800000000616,2.25683000000015,1.9208999999999603,0.8808599999999842,1.5224699999998847,2.616210000000024,0.7509800000000268,1.766589999999951,0.3146670212766578,0.1349002702704123,-2.347325744680959,-1.318387872340418,-1.8063614893617497,-0.1358012765957597,-0.5520232608695861,0.22279289918250417,0.0777567915571221,-0.6294207867588327,-1.2854798111288899,-0.6113378460155101,-0.11116789964197803,-0.40840898726344427,0.0,0.0,1.0,A,0.0,0.0,1.0
107,60,12,09-Jul-2021 22:22:29,09-Jul-2021 22:22:40,3,3,0,1,0,1,0,0,A,09-Jul-2021 22:22:41,09-Jul-2021 22:22:48,Football,0,2.0810599999999795,0.558589999999981,1.2646499999999603,1.5,0.6709000000000742,2.1630800000000363,1.122070000000008,2.016599999999926,0.3654470212765757,-1.5633397297297567,-3.1988957446807693,-0.947297872340437,-1.556351489361775,-0.7920512765957597,0.0671167391304297,0.25874653478933957,-0.9011122161126319,-0.8577639813898578,-0.9236525271256107,-0.5267254493371873,-0.6483788594270641,0.04965566018631833,0.0,0.0,1.0,A,0.0,0.0,1.0
108,60,13,09-Jul-2021 22:22:50,09-Jul-2021 22:23:06,3,3,1,1,1,0,1,0,B,09-Jul-2021 22:23:07,09-Jul-2021 22:23:15,Football,1,2.472650000000044,0.3623000000000047,3.4472600000000284,1.3457100000000537,1.4892599999999447,3.5156299999998737,0.5918000000000347,3.381840000000011,0.7570370212766404,-1.759629729729733,-2.380535744680899,-1.4775678723404102,-0.19111148936168965,1.3905587234043084,-0.0871732608695166,0.5360030170127694,-1.0142541733833674,-0.6383258415325851,-1.4406865455265887,-0.06467901742993472,1.1383213507619847,-0.06449428078825523,0.0,0.0,1.0,A,0.0,0.0,1.0
109,60,14,09-Jul-2021 22:23:17,09-Jul-2021 22:23:30,6,2,0,0,0,0,0,1,B,09-Jul-2021 22:23:30,09-Jul-2021 22:23:37,Business,1,1.409179999999992,2.1630800000000363,4.542970000000082,0.7324199999999337,0.8867199999999684,1.7441400000000158,0.5947300000000268,1.4462899999999763,-1.3711551063829708,-0.39961457142856593,-3.4078304347826496,-1.0657916666666434,-1.2382436170213027,2.197651875000083,-1.3017906382979234,-0.9708154993191155,-0.23033865589352237,-0.9137885179600953,-1.039188617487239,-0.4190662777801616,1.7990135970168206,-0.9631170168060931,0.0,0.0,1.0,A,0.0,0.0,0.0
110,60,15,09-Jul-2021 22:23:38,09-Jul-2021 22:23:52,6,5,0,1,1,1,0,0,A,09-Jul-2021 22:23:53,09-Jul-2021 22:24:05,Business,0,1.7978499999999258,0.0,5.544910000000073,0.0,1.1777299999998831,2.960950000000139,1.0224600000000237,1.6806699999999637,-0.9824851063830371,0.0,-3.116820434782735,-0.6380616666666465,-1.0038636170213153,3.1995918750000736,0.0,-0.6956264573472973,4.266232139967777e-17,-0.8357559979446298,-0.6221351151381339,-0.33974363655194584,2.619208871755204,-8.213875995179094e-17,0.0,0.0,1.0,A,0.0,0.0,0.0
111,60,16,09-Jul-2021 22:24:07,09-Jul-2021 22:24:22,5,3,0,0,0,0,1,0,B,09-Jul-2021 22:24:22,09-Jul-2021 22:24:42,Football,1,0.8662100000000237,0.0,3.5019600000000537,2.3916100000000142,1.3212899999999763,1.0351499999999303,4.916010000000028,0.96875,-0.8494029787233801,0.0,-2.548505744680867,2.8466421276595835,-2.6042014893617007,1.4452587234043337,0.9587267391304439,-0.6014006534153281,4.266232139967777e-17,-0.683365951449767,2.7755875652279385,-0.8813556635661508,1.183099163333806,0.7093045607785574,0.0,0.0,1.0,A,0.0,0.0,1.0
112,60,17,09-Jul-2021 22:24:44,09-Jul-2021 22:24:55,6,2,0,1,0,0,0,0,A,09-Jul-2021 22:24:56,09-Jul-2021 22:25:02,Football,0,3.055659999999989,0.7402299999999968,1.2343700000000126,0.2666000000000394,0.41700000000003,2.1855399999999463,0.9501999999999952,2.163090000000011,1.3400470212765851,-1.3816997297297409,-3.4527957446808135,-1.1191678723404497,-1.4098614893616896,-0.8223312765957074,-1.1662832608695308,0.948790120107945,-0.7964145487905032,-0.9258456859083827,-1.0912325085361885,-0.4771479524793978,-0.6731662847409906,-0.8628632146473294,0.0,0.0,1.0,A,0.0,0.0,1.0
113,60,18,09-Jul-2021 22:25:04,09-Jul-2021 22:25:13,5,2,0,1,0,0,1,0,A,09-Jul-2021 22:25:14,09-Jul-2021 22:25:20,Football,0,1.2675799999999526,0.7294899999999416,1.6103500000000397,0.3173799999999573,1.6972700000000032,1.6445300000001453,1.1191400000000158,1.153320000000008,-0.44803297872345116,-1.3924397297297961,-2.1725257446808404,-0.9502278723404292,-2.419631489361693,-0.4463512765956803,-1.115503260869613,-0.3172196624043729,-0.8026051067460491,-0.5825492548571228,-0.9265093918811331,-0.8188905219521343,-0.3653863584019259,-0.825294130437844,0.0,0.0,1.0,A,0.0,0.0,1.0
114,60,19,09-Jul-2021 22:25:22,09-Jul-2021 22:25:33,5,2,0,1,0,0,1,1,A,09-Jul-2021 22:25:34,09-Jul-2021 22:25:39,Football,0,1.7011699999999337,0.4121099999999842,3.087879999999928,1.9443399999998972,0.5927799999999479,4.181640000000243,1.5546900000000503,0.0,-0.014442978723470112,-1.7098197297297535,-3.2770157446808956,-0.5146778723403946,0.0,1.0311787234042078,0.5114567391303269,-0.010226025878333374,-0.9855435875580391,-0.8787113731070489,-0.5018310832561398,-9.393487356605788e-18,0.8441303035579949,0.37839624462243165,0.0,0.0,1.0,A,0.0,0.0,1.0
115,60,20,09-Jul-2021 22:25:41,09-Jul-2021 22:25:54,5,2,0,1,0,0,0,0,A,09-Jul-2021 22:25:54,09-Jul-2021 22:26:08,Business,0,1.6855599999998958,1.1699200000000474,2.538069999999948,1.663090000000011,0.6416000000000395,1.5634800000001403,1.2060600000000932,3.247069999999894,-1.094775106383067,-1.3927745714285549,-3.6529504347825785,-0.45446166666657706,0.5625363829786152,0.19275187499994884,-0.37112063829784603,-0.7751308634579541,-0.8027981101857222,-0.9795159201324981,-0.44311792431372315,0.19038259102668006,0.15778806821957694,-0.27456995888366026,0.0,0.0,1.0,A,0.0,0.0,0.0
116,60,21,09-Jul-2021 22:26:10,09-Jul-2021 22:26:17,7,5,0,1,1,1,1,0,A,09-Jul-2021 22:26:17,09-Jul-2021 22:26:24,Business,0,0.8398499999999558,0.0,1.4843700000000126,0.6113199999999779,1.169930000000022,0.526369999999929,0.973630000000071,0.6591799999999921,-1.940485106383007,0.0,-3.124620434782596,-0.6868916666665992,-2.025353617021287,-0.8609481249999864,-1.4228906382978792,-1.3739167864414865,4.266232139967777e-17,-0.8378475193910061,-0.6697462775997036,-0.6854526765221319,-0.7047783139907245,-1.0527116622920003,0.0,0.0,1.0,A,0.0,0.0,0.0
117,60,22,09-Jul-2021 22:26:25,09-Jul-2021 22:26:36,5,3,1,0,0,1,1,0,A,09-Jul-2021 22:26:36,09-Jul-2021 22:26:52,Business,0,3.431640000000016,0.0,2.544920000000161,0.74120999999991,0.6630800000000363,0.3427799999999479,2.552729999999883,0.8037100000000237,0.6513048936170529,0.0,-3.6314704347825817,0.8922083333332129,-1.8808236170212553,0.19960187500016202,-1.293000638297947,0.4611417647517541,4.266232139967777e-17,-0.9737561918416062,0.8699380689726626,-0.6365385143209324,0.16339552738093674,-0.9566138216465614,0.0,0.0,1.0,A,0.0,0.0,0.0
118,60,23,09-Jul-2021 22:26:53,09-Jul-2021 22:27:01,5,4,1,1,1,1,0,1,A,09-Jul-2021 22:27:02,09-Jul-2021 22:27:07,Business,0,1.5673900000000458,0.8906200000000126,1.4550800000000663,0.6103600000000142,0.0,1.2031299999999874,1.550779999999918,0.9833899999999858,-1.212945106382917,-1.6720745714285896,0.0,-0.10974166666675234,-1.7011436170212932,-0.8902381249999327,-1.4238506382978429,-0.8587984711708572,-0.963787201151763,1.4884969655805384e-17,-0.10700242311036723,-0.5757283249878683,-0.7287553181996027,-1.0534219088622996,0.0,0.0,1.0,A,0.0,0.0,0.0
119,60,24,09-Jul-2021 22:27:09,09-Jul-2021 22:27:28,2,3,1,0,0,1,0,0,A,09-Jul-2021 22:27:29,09-Jul-2021 22:27:38,Football,0,0.8730500000000347,0.3994199999999637,3.822259999999801,1.4560500000000047,1.4169899999999416,3.8066400000001295,2.737310000000093,4.416020000000003,-0.842562978723369,-1.722509729729774,-2.452805744680902,0.6679421276596482,0.8430685106383025,1.765558723404081,0.023166739130434433,-0.5965577454288856,-0.9928581294999013,-0.6577045921649332,0.6512697348957786,0.2853247760055118,1.445299042067562,0.01713968438857568,0.0,0.0,1.0,A,0.0,0.0,1.0
120,60,25,09-Jul-2021 22:27:40,09-Jul-2021 22:27:54,5,2,0,0,0,0,0,0,B,09-Jul-2021 22:27:54,09-Jul-2021 22:28:05,Business,1,4.833969999999908,0.9238300000000664,1.7705200000000332,0.6757800000000316,0.0,2.3300799999999526,3.727539999999976,0.7128900000000158,2.0536348936169455,-1.638864571428536,0.0,2.067018333333306,-1.9716436170212632,-0.5747981249999659,-1.3584306382978255,1.454029945543624,-0.9446448892613577,1.4884969655805384e-17,2.015423831240435,-0.6672752763157594,-0.47053387034498984,-1.0050215644552662,0.0,0.0,1.0,A,0.0,0.0,0.0
121,60,26,09-Jul-2021 22:28:06,09-Jul-2021 22:28:19,7,5,0,0,1,1,1,1,B,09-Jul-2021 22:28:19,09-Jul-2021 22:28:26,Football,1,1.2998099999999797,0.0,1.6162100000000237,2.249990000000025,1.089839999999981,2.4081999999999653,1.3251999999999953,2.951180000000022,-0.4158029787234241,0.0,-2.7799557446808625,-0.7441678723404497,-0.6217714893616786,-0.4404912765956963,0.8171067391304545,-0.29439993661447234,4.266232139967777e-17,-0.7454278282154603,-0.7255928213949652,-0.2104298864091324,-0.360589320345801,0.6045283948519029,0.0,0.0,1.0,A,0.0,0.0,1.0
122,60,27,09-Jul-2021 22:28:28,09-Jul-2021 22:28:39,4,3,0,0,0,1,0,0,A,09-Jul-2021 22:28:39,09-Jul-2021 22:28:48,Football,0,1.5107299999998531,0.4472700000000031,1.70799999999997,1.1044900000000553,0.0,2.982420000000048,1.9726700000001076,1.5527399999999716,-0.20488297872355066,-1.6746597297297345,0.0,-0.09669787234033733,-2.020211489361729,-0.34870127659575,-0.32839326086951504,-0.14506277981649213,-0.9652772916813175,1.4884969655805384e-17,-0.09428421277264763,-0.6837123951521823,-0.2854493675859622,-0.24295852838625923,0.0,0.0,1.0,A,0.0,0.0,1.0
123,60,28,09-Jul-2021 22:28:49,09-Jul-2021 22:29:00,5,2,1,0,1,0,0,1,A,09-Jul-2021 22:29:00,09-Jul-2021 22:29:19,Business,0,1.7812599999999748,0.0,2.5234400000000505,1.1347700000001169,0.2138700000000426,2.144530000000032,1.0859299999998484,1.964839999999981,-0.9990751063829881,0.0,-4.080680434782575,-0.5745916666668218,-0.719693617021298,0.1781218750000515,-0.8994406382977402,-0.7073726332968169,4.266232139967777e-17,-1.0942090570907625,-0.5602493792906956,-0.2435702644304992,0.14581184522285215,-0.6654423214197651,0.0,0.0,1.0,A,0.0,0.0,0.0
124,60,29,09-Jul-2021 22:29:21,09-Jul-2021 22:29:36,6,2,1,1,1,0,0,0,A,09-Jul-2021 22:29:36,09-Jul-2021 22:29:47,Football,0,2.421869999999672,2.042960000000221,1.1396499999998468,2.640640000000076,0.4453199999998105,2.8193300000000363,1.0029300000001058,2.854490000000169,0.7062570212762682,-0.07896972972951666,-3.424475744681033,-1.0664378723403392,-0.7184614893615318,-0.9170512765958732,1.2077567391305055,0.5000493814056124,-0.04551831365194135,-0.9182518541953092,-1.039818693328196,-0.24315326801312998,-0.7507047565290781,0.8935469601622829,0.0,0.0,1.0,A,0.0,0.0,1.0
125,60,30,09-Jul-2021 22:29:49,09-Jul-2021 22:29:58,6,2,1,0,0,0,0,1,B,09-Jul-2021 22:29:58,09-Jul-2021 22:30:18,Business,1,1.2880800000000363,2.157230000000027,0.9375,0.9570300000000316,0.8242199999999684,2.589839999999868,0.3955100000000584,0.413090000000011,-1.4922551063829266,-0.4054645714285754,-3.4703304347826496,-1.2650116666666118,-2.271443617021268,-1.407818124999999,-1.0771806382978255,-1.0565576275584463,-0.23371060785253683,-0.9305475039089218,-1.23343592007994,-0.7687384038873131,-1.152450020775756,-0.7969415145550135,0.0,0.0,1.0,A,0.0,0.0,0.0
126,60,31,09-Jul-2021 22:30:20,09-Jul-2021 22:30:28,5,3,0,1,0,1,0,1,A,09-Jul-2021 22:30:28,09-Jul-2021 22:30:37,Business,0,0.8056599999997616,0.6884800000000268,1.45116999999982,0.88866999999982,0.44629000000009,2.624019999999973,0.5781300000003284,1.2041000000001532,-1.9746751063832013,-1.8742145714285754,-3.848260434782528,-1.0823916666663418,-1.4804336170211259,-0.894148125000179,-1.145540638298037,-1.3981242460989634,-1.0803011103815128,-1.0318870808631295,-1.0553742676377296,-0.5010321045531311,-0.7319560722611524,-0.8475169890838146,0.0,0.0,1.0,A,0.0,0.0,0.0
127,60,32,09-Jul-2021 22:30:39,09-Jul-2021 22:30:50,4,3,1,0,0,1,0,0,A,09-Jul-2021 22:30:50,09-Jul-2021 22:30:57,Business,0,1.0712899999998626,1.6806600000004437,2.429689999999937,1.2832099999998263,0.3291000000001531,1.8212899999998624,1.4042899999999463,1.5761700000000474,-1.7090451063831003,-0.8820345714281586,-3.965450434782465,-0.2562316666667239,-1.1083636170212317,0.08437187499993781,-0.7510006382980308,-1.2100509056841786,-0.508406530092456,-1.0633108498766004,-0.24983591049518708,-0.375110203700774,0.06906742239631822,-0.555620445483292,0.0,0.0,1.0,A,0.0,0.0,0.0
